{"number_of_shoes":10000000,"configuration":{"DECKS_PER_SHOE":6,"PENETRATION":1.5,"RULES":{"DEALER_MUST_HIT_SOFT_17":true,"DEALER_CHECKS_FOR_BLACKJACK":true,"DOUBLE_AFTER_SPLIT_ALLOWED":true,"RESPLIT_ACES_ALLOWED":false,"HIT_SPLIT_ACES_ALLOWED":false,"SURRENDER_ALLOWED":false,"MAX_SPLIT_HANDS":4,"BLACKJACK_PAYOFF":1.5}},"next_card_outcome_distribution":[[0.0,0.0,0.0,0.0,0.0,0.0,0.0,0.0,0.0,0.0,0.0,0.0,0.0,0.0,0.0,0.0,0.0,0.0,0.0,0.0],[0.0,0.0,0.0,0.0,0.0,0.0,0.0,0.0,0.0,0.0,0.0,0.0,0.0,0.0,0.0,0.0,0.0,0.0,0.0,0.0],[0.0,0.07085179277229861,0.0,0.0,0.0,0.0,0.0,0.0,0.0,0.0,0.0,0.0,0.0,0.0,0.0,0.0,0.0,0.0,0.0,0.0],[0.0,0.07759387326168765,0.07432060874147926,0.0,0.0,0.0,0.0,0.0,0.0,0.0,0.0,0.0,0.0,0.0,0.0,0.0,0.0,0.0,0.0,0.0],[0.0,0.07732253134066798,0.07414360631377055,0.07529194969511382,0.0,0.0,0.0,0.0,0.0,0.0,0.0,0.0,0.0,0.0,0.0,0.0,0.0,0.0,0.0,0.0],[0.0,0.0775922956923794,0.07762242217940854,0.07536160625396153,0.07577761648547922,0.0,0.0,0.0,0.0,0.0,0.0,0.0,0.0,0.0,0.0,0.0,0.0,0.0,0.0,0.0],[0.0,0.07724072310368281,0.07744714765825464,0.07512737329716547,0.07583226052116371,0.0,0.0,0.0,0.0,0.0,0.0,0.0,0.0,0.0,0.0,0.0,0.0,0.0,0.0,0.0],[0.0,0.07750643084860158,0.07718385789696493,0.07735631016503128,0.07583587825870408,0.07603105589142509,0.0,0.0,0.0,0.0,0.0,0.0,0.0,0.0,0.0,0.0,0.0,0.0,0.0,0.0],[0.0,0.07747735849992089,0.07751701987956491,0.07733345638838628,0.07585466889548097,0.07623524262077695,0.07630228110064445,0.0,0.0,0.0,0.0,0.0,0.0,0.0,0.0,0.0,0.0,0.0,0.0,0.0],[0.0,0.07751679773262725,0.07734293329416746,0.07745276332460971,0.07747276950551792,0.07613926745517842,0.07629799889108765,0.07648231313766593,0.0,0.0,0.0,0.0,0.0,0.0,0.0,0.0,0.0,0.0,0.0,0.0],[0.0,0.07743003142067328,0.077443367862666,0.07739683363480118,0.07754107455012353,0.07612319901774382,0.07635705020102634,0.0765255451210162,0.07666872402699562,0.0,0.0,0.0,0.0,0.0,0.0,0.0,0.0,0.0,0.0,0.0],[0.0,0.3094681653274606,0.07742868065695008,0.07741873821305517,0.0774334063612353,0.07745400529535573,0.0763404971220673,0.0765260106484751,0.07662364278465808,0.07668126878554955,0.07583549376523789,0.0,0.0,0.0,0.0,0.0,0.0,0.0,0.0,0.0],[0.0,0.0,0.3095503555167737,0.0773874876814128,0.07734593270727395,0.07741703482548588,0.07634909752613515,0.07655459403445182,0.07654935321644676,0.07675080459855473,0.07697963383953281,0.07737141628844779,0.0,0.0,0.0,0.0,0.0,0.0,0.0,0.0],[0.0,0.0,0.0,0.30987348134646275,0.0773429089266432,0.07738755425057199,0.07748445881795471,0.07646083680422848,0.07657642895660517,0.07671483114744387,0.07700381465532954,0.07566926889496367,0.07740149870842818,0.0,0.0,0.0,0.0,0.0,0.0,0.0],[0.0,0.0,0.0,0.0,0.3095634837883781,0.07743101305967695,0.07738492443447485,0.07645633670545907,0.07660423355517264,0.07674605475279814,0.07702780645302401,0.07703722111552146,0.07741111151091591,0.07747414949909225,0.0,0.0,0.0,0.0,0.0,0.0],[0.0,0.0,0.0,0.0,0.0,0.309695007122803,0.07748269555519603,0.07748127299414692,0.07658908949711793,0.07673889381782499,0.0770627207967707,0.07698829091113008,0.07564295761769388,0.07740470408596178,0.07741414555573724,0.0,0.0,0.0,0.0,0.0],[0.0,0.0,0.0,0.0,0.0,0.07608662046098214,0.3096410313690922,0.07740176090416605,0.0766492608079984,0.07671883355554333,0.07696640257237436,0.07696054117585706,0.07685333751873416,0.07740353749634836,0.07744221911869384,0.07745258525994855,0.0,0.0,0.0,0.0],[0.0,0.0,0.0,0.0,0.0,0.0,0.07635996498232131,0.30962420606231583,0.0773799278656931,0.07672247430026032,0.07700269404800898,0.0769811874409145,0.07697294978981754,0.07548454757896575,0.0774247811170881,0.07739107782630206,0.07745117219366653,0.0,0.0,0.0],[0.0,0.0,0.0,0.0,0.0,0.0,0.0,0.07648712358807462,0.3097648238462603,0.07664028026886828,0.07701487221431197,0.07700765219885178,0.07693743025317745,0.07694891752399755,0.07739042699421364,0.07741057489421116,0.07742933870732242,0.07744126266467745,0.0,0.0],[0.0,0.0,0.0,0.0,0.0,0.0,0.0,0.0,0.07659451544305197,0.30965500664725243,0.07702903507068871,0.07696036792048595,0.07701967140447705,0.07689128799709447,0.07521274631897103,0.077468849244807,0.0774454492719245,0.0773582634175768,0.07746550385749237,0.0],[0.0,0.0,0.0,0.0,0.0,0.0,0.0,0.0,0.0,0.07663155212590438,0.30807752658472104,0.07695782684170965,0.07698614231971644,0.07690417047953983,0.07691078297275061,0.07744631623305766,0.0773931655227266,0.07745579898358587,0.07735377972276326,0.07740837503506579],[0.0,0.0,0.0,0.0,0.0,0.0,0.0,0.0,0.0,0.0,0.0,0.30806622721211807,0.38477490087703936,0.461488685339,0.5382048979225456,0.6128305965416736,0.6902808743043599,0.7677446749341599,0.8451807164197443,0.9225916249649342]]}