{"number_of_shoes":100000000,"distribution":[[0.0,0.0,0.0,0.0,0.0,0.0,0.0,0.0,0.0,0.0,0.0,0.0,0.0,0.0,0.0,0.0,0.0,0.0,0.0,0.0],[0.0,0.0,0.0,0.0,0.0,0.0,0.0,0.0,0.0,0.0,0.0,0.0,0.0,0.0,0.0,0.0,0.0,0.0,0.0,0.0],[0.0,0.07094052811788787,0.0,0.0,0.0,0.0,0.0,0.0,0.0,0.0,0.0,0.0,0.0,0.0,0.0,0.0,0.0,0.0,0.0,0.0],[0.0,0.07742328634696867,0.07420854325841979,0.0,0.0,0.0,0.0,0.0,0.0,0.0,0.0,0.0,0.0,0.0,0.0,0.0,0.0,0.0,0.0,0.0],[0.0,0.07746501755392125,0.07421717194406728,0.0752230439597754,0.0,0.0,0.0,0.0,0.0,0.0,0.0,0.0,0.0,0.0,0.0,0.0,0.0,0.0,0.0,0.0],[0.0,0.07747243092707859,0.07737790593397843,0.07533240088426389,0.07580904441247081,0.0,0.0,0.0,0.0,0.0,0.0,0.0,0.0,0.0,0.0,0.0,0.0,0.0,0.0,0.0],[0.0,0.07743279529369328,0.07737459053160825,0.07521032701969135,0.0758171549073913,0.0,0.0,0.0,0.0,0.0,0.0,0.0,0.0,0.0,0.0,0.0,0.0,0.0,0.0,0.0],[0.0,0.07733977886696529,0.07740578987182806,0.0774100510460311,0.07579224024456631,0.07612099051210242,0.0,0.0,0.0,0.0,0.0,0.0,0.0,0.0,0.0,0.0,0.0,0.0,0.0,0.0],[0.0,0.07743459793762213,0.07744249688373776,0.07740579503221423,0.07578442673847446,0.07616758222852121,0.07639227147497932,0.0,0.0,0.0,0.0,0.0,0.0,0.0,0.0,0.0,0.0,0.0,0.0,0.0],[0.0,0.07742409753673664,0.0773885217011768,0.07738676342325952,0.07742040320056545,0.0761262651282175,0.07635330797056955,0.07649054987998853,0.0,0.0,0.0,0.0,0.0,0.0,0.0,0.0,0.0,0.0,0.0,0.0],[0.0,0.07735868409516897,0.07741432136326927,0.07746823360198392,0.07742004681397108,0.07610990989823223,0.07631894089989015,0.0765092626324472,0.07661498138496194,0.0,0.0,0.0,0.0,0.0,0.0,0.0,0.0,0.0,0.0,0.0],[0.0,0.30970878332395735,0.07741404058000664,0.07740573663065242,0.07741651534680863,0.07742172129949397,0.07632658962477429,0.07654190830011352,0.07661189043929553,0.07669185364581377,0.07579453771959682,0.0,0.0,0.0,0.0,0.0,0.0,0.0,0.0,0.0],[0.0,0.0,0.30975661793190773,0.07746948923556284,0.07743957247950535,0.0774437649263796,0.07633075053111125,0.07646864953476572,0.0766047934120842,0.0767049588975573,0.07699350744314225,0.07741675593760665,0.0,0.0,0.0,0.0,0.0,0.0,0.0,0.0],[0.0,0.0,0.0,0.30968815916656534,0.07741855107023407,0.07739493443813325,0.07744077667909614,0.07649131651622294,0.07662376021055771,0.07671432013606357,0.07702442394986247,0.07570403538173127,0.07742748176109056,0.0,0.0,0.0,0.0,0.0,0.0,0.0],[0.0,0.0,0.0,0.0,0.3096820447860126,0.07741299705830608,0.07742209219397918,0.07647250133868033,0.07661274618582502,0.07671781101253976,0.07702786226715426,0.07699134711870083,0.07740707796421147,0.07742148174815443,0.0,0.0,0.0,0.0,0.0,0.0],[0.0,0.0,0.0,0.0,0.0,0.3097039460330897,0.07743133185363921,0.07741805246822385,0.07662182735719775,0.07669475386984752,0.07701156704609846,0.07698752978593364,0.0755868312710146,0.0774261535465736,0.07741808452723706,0.0,0.0,0.0,0.0,0.0],[0.0,0.0,0.0,0.0,0.0,0.07609788847752401,0.30965254754765936,0.07742063482185556,0.07661571835279332,0.07670400662117048,0.07701360546742181,0.07698854186999937,0.07695145436115168,0.07740814803878827,0.07742341009103774,0.07741408698229656,0.0,0.0,0.0,0.0],[0.0,0.0,0.0,0.0,0.0,0.0,0.07633139122430155,0.3096640686306165,0.07740581805544354,0.07669119307940875,0.07702529061641188,0.0770095834009181,0.07696096821381714,0.07543568074525649,0.0774140476094929,0.07740992484592744,0.07744002691327702,0.0,0.0,0.0],[0.0,0.0,0.0,0.0,0.0,0.0,0.0,0.07652305587708583,0.30966906140989076,0.07668535164729422,0.07702863443735092,0.07699773725290189,0.07697733321285642,0.07693023456083167,0.07743304434011687,0.0774293343540237,0.07743051332694274,0.07740702554679633,0.0,0.0],[0.0,0.0,0.0,0.0,0.0,0.0,0.0,0.0,0.07661940319195021,0.3097062841625236,0.07701240131389835,0.07697898121281921,0.0769431962691591,0.07690550719681213,0.07524970356506254,0.07742451991313842,0.07741725909780914,0.07742212263576079,0.07742413359922877,0.0],[0.0,0.0,0.0,0.0,0.0,0.0,0.0,0.0,0.0,0.07668946692778102,0.3080681697390628,0.07698056791808061,0.07695121061399404,0.07693490969267819,0.07688943907996229,0.0774328619222532,0.07744600071118864,0.07741519610484497,0.07740736681747205,0.07742989385972464],[0.0,0.0,0.0,0.0,0.0,0.0,0.0,0.0,0.0,0.0,0.0,0.3079449201213084,0.384794446332705,0.4615378844709052,0.5381722707870906,0.6128892719823607,0.6902661999507824,0.767755655712598,0.8451684995832992,0.9225701061402753]],"configuration":{"DECKS_PER_SHOE":6,"PENETRATION":1.5,"RULES":{"DEALER_MUST_HIT_SOFT_17":true,"DEALER_CHECKS_FOR_BLACKJACK":true,"DOUBLE_AFTER_SPLIT_ALLOWED":true,"RESPLIT_ACES_ALLOWED":false,"HIT_SPLIT_ACES_ALLOWED":false,"SURRENDER_ALLOWED":false,"MAX_SPLIT_HANDS":4,"BLACKJACK_PAYOFF":1.5}}}